Age_Group,Gender,Occasion,Top_Wear,Bottom_Wear,Footwear,Accessories,Color_Combination,Style_Tip
0-4,Male,Birthday,Bright printed T-shirt with a graphic patch,Elastic-waist cotton shorts,White canvas sneakers,Colorful cartoon-themed cap,Bright yellow & sky blue,Keep it comfortable and fun — elastic waistbands and soft fabrics are best for kids
0-4,Male,Beach,Soft cotton sleeveless vest,Quick-dry swim shorts with side pockets,Rubber flip-flops or bare feet,UV-protection swim hat,Aqua blue & white,Sun protection first — a wide-brim hat and UV-safe fabric are essential at the beach
0-4,Male,Wedding,White cotton kurta with embroidered border,White cotton churidar,Soft brown juttis,Small flower garland pin,Ivory white & gold,Keep kids comfortable — soft cotton traditional wear with easy fasteners works best
0-4,Male,Get Together,Soft polo T-shirt in pastel,Cargo shorts with side pockets,White sneakers,Soft cap,Pastel mint & cream,Keep it soft and stretchy for easy movement
0-4,Male,Function,Linen kurta with small print,Cotton pyjama trousers,Brown juttis,Simple forehead tikka,Lemon yellow & white,Light fabrics in muted tones keep small kids comfortable during long events
0-4,Male,Temple,Plain white cotton kurta,White cotton pyjama,Rubber sandals,Small tilak,Pure white & gold,White is always appropriate for temple visits — pair with a simple bindi or tilak
0-4,Male,Office,Not applicable — children do not visit offices,—,—,—,—,—
0-4,Male,Picnic,Striped crew-neck T-shirt,Soft cotton joggers,Colorful rubber sneakers,Baseball cap,Red & white stripes,Comfort and easy movement — soft cotton and rubber soles are ideal for outdoor play
0-4,Male,Park,Comfortable cotton T-shirt with a cartoon print,Drawstring cotton shorts,Lightweight sneakers,Bright sun hat,Orange & white,Breathable cotton and flat rubber soles help children run and play freely
0-4,Female,Birthday,Frilly pastel frock with bow detail,Matching cotton bloomers,White strap sandals,Satin hair bow,Baby pink & white,A simple bow or flower hairband adds charm without discomfort
0-4,Female,Beach,Cotton swimsuit with ruffled straps,Matching swim shorts,Rubber jelly sandals,Wide-brim sun hat,Coral & white,UV-safe swimwear and a sun hat are non-negotiable for toddlers at the beach
0-4,Female,Wedding,Silk or satin lehenga choli in soft pink,Matching ghagra skirt,Embellished juttis,Pearl clip earrings & hair flowers,Rose pink & gold,Choose lightweight fabrics — children should be able to move freely even in traditional wear
0-4,Female,Get Together,Smocked cotton dress with puff sleeves,Matching bloomers,White canvas shoes,Floral headband,Lilac & white,Smocked dresses are adorable and stretchy — perfect for active toddlers
0-4,Female,Function,Embroidered cotton frock,Cotton leggings,Strap sandals,Small hair clip with flowers,Peach & cream,Light embroidery on cotton looks festive without feeling heavy
0-4,Female,Temple,Simple white or yellow cotton frock,Matching shorts underneath,Rubber sandals,Flowers in hair,White & yellow,Flowers in the hair are a lovely and traditional touch for young girls at the temple
0-4,Female,Picnic,Colorful printed sundress,Matching cotton shorts,Rubber sneakers,Sunhat with chin strap,Bright multicolor,A sundress with shorts underneath gives comfort and freedom to play outdoors
0-4,Female,Park,Jersey cotton top with butterfly print,Elastic-waist denim shorts,White sneakers,Simple hair tie,Sky blue & white,Easy-on jersey fabric and flat sneakers make park outings breezy for little ones
5-9,Male,Birthday,Colorful graphic T-shirt with a fun print,Slim-fit jeans or chinos,White sneakers,Baseball cap,Cobalt blue & white,Let kids pick their favorite color — confidence starts young
5-9,Male,Beach,Rash guard UV-protection top,Swim shorts with drawstring,Rubber sandals or water shoes,Polarized kids' sunglasses & sun hat,Neon orange & navy,Rash guards are both stylish and practical — they block UV rays while swimming
5-9,Male,Wedding,Cotton silk kurta with subtle embroidery,Matching churidar or slim trousers,Brown ethnic juttis,Simple brooch or turban pin,Royal blue & gold,A neat kurta-churidar combo is classic — avoid synthetic fabrics that trap heat
5-9,Male,Get Together,Polo T-shirt with a collar,Straight-fit cargo shorts,Clean white sneakers,Simple digital watch,Green & cream,A polo adds a bit of sharpness without being too formal for casual gatherings
5-9,Male,Function,Block-print kurta in earthy tones,Straight cotton trousers,Kolhapuri sandals,Bead bracelet,Earthy terracotta & cream,Block-print kurtas look ethnic and festive — great for school-age boys at functions
5-9,Male,Temple,Plain white or saffron cotton kurta,White cotton pyjama,Simple rubber sandals,Tulsi bead bracelet,White & saffron,Simple and devotional — a tulsi bead bracelet is a thoughtful traditional touch
5-9,Male,Picnic,Bright striped T-shirt,Comfortable cotton shorts,Velcro sneakers,Backpack & sunglasses,Red & navy stripes,Velcro sneakers are practical for kids — they can wear and remove them independently
5-9,Male,Park,Half-sleeve jersey T-shirt,Jogger pants with side stripes,Running sneakers,Water bottle holder,Sky blue & grey,Joggers with grip-sole sneakers allow children to run and climb freely
5-9,Female,Birthday,Tulle birthday dress with star embroidery,Matching bloomers under dress,White Mary Jane shoes,Glittery hair band with bow,Hot pink & silver,Tulle skirts are magical for birthday parties — keep the top fitted for comfort
5-9,Female,Beach,Colorful swimsuit,UV-protection swim shorts,Rubber jelly sandals,Wide-brim beach hat & kids' sunglasses,Bright coral & turquoise,Sun protection is key — a UV swimsuit and wide-brim hat are perfect for beach days
5-9,Female,Wedding,Silk lehenga choli with embroidered dupatta,Matching petticoat,Embellished juttis,Jhumka earrings & maang tikka,Magenta & gold,A lightweight silk lehenga with minimal jewellery looks stunning on young girls
5-9,Female,Get Together,Floral printed shirt dress,Matching shorts underneath,White canvas sneakers,Simple clip-on studs,Yellow floral & white,Shirt dresses are versatile and easy to wear — perfect for casual gatherings
5-9,Female,Function,Cotton anarkali suit,Matching salwar,Kolhapuri sandals,Bindi & small bangles,Teal & gold,An anarkali is comfortable yet festive — great for school-age girls at family functions
5-9,Female,Temple,Simple cotton salwar kameez in light colors,Matching dupatta,Rubber sandals,Small bindi & hair flowers,Pastel yellow & white,Keep it simple and devotional — light cotton salwar suits are ideal for temple visits
5-9,Female,Picnic,Casual cotton top with playful print,Elastic-waist shorts or skirt,Sneakers or sandals,Cap & small backpack,Mint green & white,Mix prints and solids for a playful look — comfort is top priority for outdoor fun
5-9,Female,Park,Sporty crop jacket over cotton tee,Leggings with side pocket,Running shoes,Ponytail band & water bottle,Lavender & grey,A zip-up jacket is practical — mornings at the park can be breezy
10-14,Male,Birthday,Cool graphic tee or band-print shirt,Slim-fit joggers or chinos,Fresh white or coloured sneakers,Snapback cap or beanie,Black & neon green,This age group loves streetwear — let them express their style with bold graphics
10-14,Male,Beach,Printed surf T-shirt,Swim shorts with bold color block,Flip-flops,Sunglasses & surf wristband,Neon yellow & navy,Color-blocked surf shorts are on-trend and practical for beach days
10-14,Male,Wedding,Silk or cotton kurta with subtle print,Slim-cut churidar or trousers,Mojari or leather sandals,Brooch & pocket square,Teal & ivory,A sleek kurta-churidar combo looks sharp without being too stiff for young teens
10-14,Male,Get Together,Oversized graphic hoodie or sweatshirt,Slim jeans with slight distress,Clean sneakers,Minimal bracelet,Olive green & cream,Oversized hoodies are the go-to for this age group at casual hangouts
10-14,Male,Function,Printed or embroidered kurta,Straight cotton trousers,Ethnic sandals,Oxidised metal bracelet,Maroon & gold,A well-fitted kurta in a rich jewel tone looks festive and age-appropriate
10-14,Male,Temple,Plain white or light-colored kurta,Matching cotton pyjama or trousers,Simple sandals,Rudraksha bracelet,White & saffron,Keep it simple and modest — avoid logos and bright prints for temple visits
10-14,Male,Office,Not applicable — this age group does not visit offices,—,—,—,—,—
10-14,Male,Picnic,Casual crew-neck T-shirt in bright color,Cargo shorts with side pockets,Slip-on sneakers or sandals,Cap & sunglasses,Bright teal & khaki,Cargo shorts are practical for picnics — pockets for snacks and phones
10-14,Male,Park,Performance T-shirt with moisture-wicking fabric,Jogger shorts or track pants,Sports sneakers,Sports watch,Royal blue & white,Moisture-wicking fabric keeps active teens cool during outdoor sports
10-14,Female,Birthday,Stylish midi dress with floral or geometric print,Matching slip shorts underneath,White block-heeled sandals,Dainty chain necklace & small studs,Pastel lavender & silver,Midi dresses are age-appropriate and trendy — choose soft pastel tones for birthday parties
10-14,Female,Beach,Colorful crop top with cover-up,Swim shorts or skirt,Flip-flops or jelly sandals,Sun hat & kids' UV sunglasses,Bright coral & white,A cute cover-up over a swimsuit is practical and stylish for young teens at the beach
10-14,Female,Wedding,Silk or georgette lehenga with contrast blouse,Matching dupatta,Embellished block heels,Jhumka earrings & bangle set,Peacock blue & gold,A jewel-toned lehenga looks stunning on young teens — keep jewellery minimal and light
10-14,Female,Get Together,Oversized graphic sweatshirt or hoodie,High-waist mom jeans,White sneakers,Dainty necklace,Lavender & white,Oversized sweatshirts with mom jeans are a classic casual combo for young teens
10-14,Female,Function,Cotton or silk anarkali suit,Matching dupatta,Block-heeled sandals,Simple earrings & small bindi,Emerald green & gold,An anarkali is graceful and festive — perfect for functions without being over the top
10-14,Female,Temple,Simple cotton salwar kameez in light tones,Matching dupatta draped modestly,Flat sandals,Bindi & flowers in hair,Soft yellow & white,Modesty and simplicity are key for temple visits — light cotton salwar suits are perfect
10-14,Female,Picnic,Printed crop top,High-waist cotton shorts or skirt,Canvas sneakers or sandals,Sunhat & small tote,Sunny yellow & denim blue,A printed crop top with high-waist shorts is a fun and practical picnic outfit
10-14,Female,Park,Sports bra or crop top with mesh detail,Leggings or track shorts,Running shoes,Sporty ponytail band,Coral & grey,Comfortable performance wear is perfect for active park time — choose breathable fabrics
15-19,Male,Birthday,Smart casual printed shirt (floral or abstract),Slim-fit chinos,White leather sneakers,Minimal bracelet & watch,Navy & white,A slim-fit chino with a printed shirt hits the sweet spot between casual and put-together
15-19,Male,Beach,Linen or cotton relaxed shirt — open over a tee,Board shorts with bold print,Flip-flops,Aviator sunglasses & beaded bracelet,Coral & sand beige,An open linen shirt over swim shorts looks effortlessly cool at the beach
15-19,Male,Wedding,Sherwani with contrast dupatta OR rich kurta with bandhgala jacket,Churidar,Embroidered mojaris,Brooch or kalgi,Ivory & gold or Deep maroon & silver,A well-fitted sherwani or kurta with bandhgala jacket is a showstopper at weddings
15-19,Male,Get Together,Graphic tee tucked into straight-fit denim,White sneakers,Minimal chain necklace,Navy & white,Tuck your graphic tee for an effortlessly styled look without trying too hard
15-19,Male,Function,Embroidered or block-print kurta,Straight cotton trousers,Leather juttis,Pocket square,Teal & ivory,A block-print kurta in a jewel tone is a go-to for festivals and family functions
15-19,Male,Temple,Plain cotton kurta in soft colors,White dhoti or trousers,Flat leather sandals,Rudraksha mala,White & saffron,Keep it respectful and comfortable — a plain white or saffron kurta is timeless
15-19,Male,Office,Formal button-down shirt in solid color,Well-fitted formal trousers,Polished black Oxford shoes,Simple leather belt & wristwatch,Light blue & charcoal grey,For internships or first office visits — a well-pressed shirt and trousers create a confident first impression
15-19,Male,Picnic,Relaxed polo or crew-neck tee,Cargo shorts or joggers,Slip-on sneakers,Baseball cap & backpack,Olive green & khaki,Cargo shorts are king for picnics — functional pockets and relaxed fit
15-19,Male,Park,Moisture-wicking sports tee,Jogger shorts or track pants,Running shoes,Sports watch & earbuds,Royal blue & black,Performance activewear keeps teens energised and comfortable during outdoor sports
15-19,Female,Birthday,Off-shoulder mini dress or ruffle top,Fitted mini skirt or co-ord shorts,Heeled sandals or platform sneakers,Layered chain necklaces & hoops,Blush pink & gold,Birthday outfits should sparkle — choose fabrics with a subtle sheen for extra glamour
15-19,Female,Beach,Bralette crop top,High-waist bikini bottoms with sarong wrap,Strappy flat sandals,Oversized sunnies & shell anklet,White & turquoise,A sarong wrap adds coverage and style — great for beach to boardwalk transitions
15-19,Female,Wedding,Silk or velvet lehenga choli with heavy embroidery,Matching petticoat,Embellished heels or juttis,Statement earrings & maang tikka,Deep magenta & gold or Teal & silver,Go bold — a heavily embroidered lehenga in jewel tones is perfect for a wedding as a teen guest
15-19,Female,Get Together,Fitted crop top with logo or subtle print,High-waist flared jeans,Platform sneakers or chunky sandals,Dainty choker & small crossbody bag,White & denim,Flared jeans with a platform sneaker are a fun 90s-inspired look — great for casual hangouts
15-19,Female,Function,Printed or tie-dye kurti with mirror work,Straight or palazzo pants,Block-heeled ethnic sandals,Oxidised earrings & bangles,Saffron & mint,Mirror-work kurtis look festive without being too formal — pair with palazzos for comfort
15-19,Female,Temple,Silk or cotton salwar kameez in solid pastel,Matching dupatta draped modestly,Flat kolhapuri sandals,Bindi & simple earrings,Soft lilac & white,Modest pastel kameez suits with a well-draped dupatta are always appropriate and graceful for temple visits
15-19,Female,Office,Crisp tailored blouse with a subtle pattern,Straight-cut formal trousers,Low block heels,Minimal stud earrings & watch,Blush pink & charcoal,A tailored blouse and straight trousers create a polished look for internships or first office visits
15-19,Female,Picnic,Oversized button-down shirt knotted at waist,High-waist denim shorts,White sneakers or espadrilles,Straw hat & tote bag,Yellow & denim,A knotted chambray shirt over denim shorts is a classic picnic look
15-19,Female,Park,Sports crop top with mesh panel,High-waist leggings,Running shoes,Sporty cap & earbuds,Coral & black,High-waist leggings with a crop top is the quintessential activewear look for park workouts
20-24,Male,Birthday,Stylish smart-casual shirt in earthy or jewel tone,Dark slim-fit chinos,White leather sneakers or Chelsea boots,Minimal bracelet & watch,Burgundy & cream,Layer a denim or bomber jacket for a relaxed party-ready look
20-24,Male,Beach,Linen short-sleeve shirt in a soft color,Swim shorts with minimal print,Leather or rubber sandals,Tortoiseshell sunglasses & woven bracelet,Pale blue & sandy beige,Linen is the ideal beach fabric — lightweight and quick to dry
20-24,Male,Wedding,Rich sherwani or bandhgala jacket with subtle embroidery,Churidar or slim trousers,Embroidered mojaris,Brooch & classic watch,Ivory & gold or Cobalt & silver,Fit is everything — a well-tailored sherwani always outperforms an ill-fitted expensive one
20-24,Male,Get Together,Relaxed printed camp-collar shirt,Straight-fit jeans,Clean white or tan sneakers,Minimal chain necklace,Olive & cream,Camp-collar shirts are casually elevated — perfect for dinner get-togethers
20-24,Male,Function,Silk or cotton kurta with subtle embroidery,Fitted straight trousers,Ethnic leather sandals,Pocket square & watch,Deep teal & gold,A jewel-toned embroidered kurta is festive without being too formal
20-24,Male,Temple,Plain cotton kurta in white or off-white,White dhoti or straight trousers,Simple sandals,Rudraksha mala,White & gold,Simple white kurta is eternally appropriate and respectful for temple visits
20-24,Male,Office,Formal button-down in solid — blue or white,Formal slim-fit trousers,Oxford or Derby shoes,Leather belt & simple watch,Light blue & charcoal,For your first job — a crisp Oxford shirt with slim-fit trousers makes a strong impression
20-24,Male,Picnic,Casual printed polo shirt,Cargo or chino shorts,Slip-on sneakers,Sunglasses & water bottle carrier,Forest green & khaki,A polo with cargo shorts is relaxed but put-together — ideal for outdoor gatherings
20-24,Male,Park,Performance running tee,Jogger shorts or fitted track pants,Lightweight running shoes,Sports watch & earbuds,Black & neon yellow,A monochrome performance outfit with a single pop of neon looks athletic and intentional
20-24,Female,Birthday,Sleek bodycon or satin midi dress,Matching slip shorts underneath,Strappy heeled sandals,Statement earrings & small clutch,Emerald green & gold or Classic black & silver,Satin midi dresses are timeless for birthday parties — a bold color makes you unforgettable
20-24,Female,Beach,Bralette or bandeau bikini top,High-waist bikini bottoms with a flowing sarong or cover-up,Strappy flat sandals,Oversized sunnies & shell necklace,White & coral or Nude & turquoise,A matching bikini set with a flowing cover-up transitions perfectly from beach to café
20-24,Female,Wedding,Designer lehenga or saree in rich fabric,Matching petticoat and blouse,Embellished heels or juttis,Jhumkas & maang tikka & bangles,Deep red & gold or Royal blue & silver,Choose a color that complements your skin tone — deep reds and royal blues suit most complexions beautifully
20-24,Female,Get Together,Fitted crop top or cami,High-waist wide-leg trousers,Block-heeled mules or sneakers,Layered necklaces & hoop earrings,Caramel & cream or White & denim,Wide-leg trousers are the new straight-leg — effortlessly chic for casual dinners
20-24,Female,Function,Embroidered or printed kurti with mirror work,Palazzo trousers or skirt,Block-heeled ethnic sandals,Oxidised jhumkas & bangles,Saffron & teal,Mirror-work kurtis with palazzos are comfortable and festive — great for all-day functions
20-24,Female,Temple,Silk or cotton saree in soft tones OR simple salwar kameez,Petticoat and matching blouse,Flat kolhapuri sandals,Simple bindi & gold stud earrings,Pastel peach & gold or Ivory & green,A simple silk saree or cotton salwar kameez draped modestly is always respectful and graceful for temples
20-24,Female,Office,Tailored blazer over a solid fitted blouse,Straight-cut formal trousers or pencil skirt,Block heels or pointed flats,Minimal studs & watch,Ivory & charcoal or Navy & white,A structured blazer instantly elevates any office look — choose neutral tones for versatility
20-24,Female,Picnic,Flowy floral sundress,Denim jacket for layering,White sneakers or espadrilles,Straw hat & canvas tote,Yellow floral & denim blue,A floral sundress with a denim jacket is a fail-safe picnic outfit — feminine and practical
20-24,Female,Park,Sports bra or fitted crop top,High-waist performance leggings,Running shoes,Sporty cap & earbuds,Mint & black,Coordinated activewear sets in soft colors make morning workouts feel stylish
25-29,Male,Birthday,Solid or subtle-patterned smart-casual shirt,Dark slim chinos,Oxford shoes or clean leather sneakers,Minimal watch & bracelet,Deep navy & white,A well-fitted shirt with slim chinos never fails — it's relaxed enough to feel social
25-29,Male,Beach,Linen short-sleeve shirt over a plain tee,Tailored swim shorts in a solid or minimal print,Leather sandals,Wayfarer sunglasses & woven bracelet,Pale linen & navy,Avoid loud prints at this age — let a clean minimal swim short do the talking
25-29,Male,Wedding,Bandhgala jacket with embroidered kurta,Churidar or straight trousers,Leather mojaris,Classic watch & brooch,Champagne & gold or Navy & silver,A bandhgala jacket is the most versatile wedding piece — works for multiple events across the celebration
25-29,Male,Get Together,Smart casual linen or cotton overshirt,Straight-fit dark jeans,White leather sneakers,Minimal silver chain,Olive & cream,An overshirt in a textured fabric looks elevated without effort — great for evening get-togethers
25-29,Male,Function,Rich silk kurta with subtle embroidery,Slim-fit straight trousers,Ethnic sandals or juttis,Pocket square & wristwatch,Deep teal & ivory,Silk kurtis with slim trousers are a polished choice for daytime functions
25-29,Male,Temple,Plain cotton kurta in white or soft pastel,White dhoti or straight cotton trousers,Simple sandals,Rudraksha or tulsi bead bracelet,White & saffron,Keep it simple and pure — light cotton is always the right choice for temple visits
25-29,Male,Office,Formal Oxford or poplin shirt,Tailored slim-fit formal trousers,Leather Oxford or Derby shoes,Leather belt & clean analog watch,Light blue & charcoal or White & navy,The classic Oxford shirt with tailored trousers is professional and versatile — invest in quality basics
25-29,Male,Picnic,Cotton casual shirt in a check or stripe,Cargo or chino shorts,Slip-on sneakers,Sunglasses & casual backpack,Navy check & khaki,A casual check shirt with shorts is the ideal effortless picnic look
25-29,Male,Park,Fitted performance T-shirt,Track pants or joggers,Running shoes,Sports watch,Black & grey,Clean monochrome activewear is sharp and functional for park runs and workouts
25-29,Female,Birthday,Elegant cocktail dress — fitted midi or slip dress,Matching coordination underneath,Strappy heeled sandals,Drop earrings & small clutch,Wine red & gold or Classic black & silver,A wine-red or deep emerald slip dress with gold accessories is a timeless birthday look
25-29,Female,Beach,Halter bikini top with a coordinated bottom,Flowy linen beach trousers or sarong,Strappy flat sandals,Oversized sunglasses & woven beach bag,White & coral or Sandy beige & turquoise,A matching bikini set with flowy linen trousers is the ultimate beach-to-lunch look
25-29,Female,Wedding,Silk saree with contemporary blouse OR Designer lehenga,Petticoat and matching blouse,Embellished heels or juttis,Statement jhumkas & maang tikka,Deep maroon & gold or Teal & silver,A silk saree with a modern blouse design is the ideal choice for wedding guests in their late 20s
25-29,Female,Get Together,Smart-casual blazer over a fitted camisole,High-waist straight jeans,Block-heeled mules,Hoop earrings & layered necklace,Camel & cream or White & denim,A blazer over a camisole with straight jeans is the perfect smart-casual formula for evening get-togethers
25-29,Female,Function,Embroidered or woven saree in cotton or silk,Matching blouse,Flat ethnic sandals,Gold earrings & bindi,Mustard & olive or Peach & gold,A cotton saree with a simple woven border is festive without being over the top
25-29,Female,Temple,Cotton or silk saree in pastel or neutral tones,Petticoat and modest blouse,Flat sandals,Simple gold earrings & bindi,Ivory & gold or Soft blue & white,A neatly draped saree in a modest color is always the most graceful choice for temple visits
25-29,Female,Office,Structured blazer with a fitted shirt or blouse,Tailored formal trousers or midi skirt,Pointed-toe pumps or block heels,Minimal stud earrings & wristwatch,Navy & white or Grey & ivory,A structured blazer with a tailored trouser is the cornerstone of a professional wardrobe
25-29,Female,Picnic,Printed wrap dress or floral maxi,Light denim jacket,Flat espadrilles or sandals,Straw hat & tote bag,Floral print & olive green,A wrap dress is universally flattering and incredibly practical for picnic outings
25-29,Female,Park,Fitted crop top or sports bra,High-waist compression leggings,Performance running shoes,Sporty cap & earbuds,Teal & black,Compression leggings provide support during runs — pair with a moisture-wicking crop top for a polished activewear look
30-34,Male,Birthday,Smart casual button-down in a textured fabric,Dark slim chinos or straight jeans,Chelsea boots or leather sneakers,Analog watch & minimalist bracelet,Charcoal & cream or Olive & white,A textured shirt in earthy tones is a mature and stylish birthday choice
30-34,Male,Beach,Relaxed linen or Cuban-collar shirt,Tailored shorts above the knee,Leather slide sandals,Classic wayfarer sunglasses & woven bracelet,White linen & navy,A Cuban-collar linen shirt unbuttoned over a tee is the grown-up beach look
30-34,Male,Wedding,Sherwani or bandhgala suit with rich embroidery,Churidar or straight trousers,Embroidered mojaris,Classic gold watch & brooch,Champagne & gold or Midnight blue & silver,Invest in a good sherwani — it photographs beautifully and lasts for multiple events
30-34,Male,Get Together,Smart casual overshirt in a muted tone,Straight-fit dark denim,White or tan leather sneakers,Minimal silver ring or chain,Dark olive & cream,An earthy overshirt over a white tee with dark denim is understated and sharp
30-34,Male,Function,Silk kurta with embroidered collar,Slim straight trousers,Leather juttis,Pocket square & classic watch,Teal & ivory or Maroon & gold,A slim-cut silk kurta feels elegant without looking overdressed at daytime functions
30-34,Male,Temple,Plain white cotton kurta,White dhoti or straight cotton trousers,Simple leather sandals,Rudraksha bracelet,Pure white & gold,Purity and simplicity — white kurta with dhoti is always the most appropriate temple outfit
30-34,Male,Office,Formal tailored shirt in white or blue,Slim-fit formal trousers,Leather Oxford shoes,Premium leather belt & analog watch,White & charcoal or Light blue & navy,A classic Oxford with slim-fit trousers is the professional standard — no shortcuts here
30-34,Male,Picnic,Casual linen check or stripe shirt,Cargo or chino shorts,Slip-on sneakers,Sunglasses & canvas tote,Navy & white,A linen shirt with chino shorts is relaxed and adult — avoiding overly youthful prints
30-34,Male,Park,Clean performance tee,Track pants or slim joggers,Running shoes,Sports watch,Black & charcoal,Monochrome activewear in dark tones looks intentional and sharp for morning jogs
30-34,Female,Birthday,Elegant wrap dress or fitted midi in jewel tones,Matching slip shorts,Block heels or strappy sandals,Statement earrings & clutch,Emerald green & gold or Deep purple & silver,A wrap dress flatters all body types — choose jewel tones for an evening birthday dinner
30-34,Female,Beach,Elegant one-piece swimsuit,Linen or cotton sarong or wide-leg beach pants,Flat wedge sandals,Oversized sunglasses & hat,White & tan or Soft coral & gold,A one-piece swimsuit with a linen sarong is chic and comfortable for beach days in your 30s
30-34,Female,Wedding,Silk saree with a modern embroidered blouse OR Heavy lehenga,Petticoat and matching blouse,Embellished heels or juttis,Statement necklace & jhumkas,Deep red & gold or Royal blue & silver,A silk saree with a contemporary blouse design is the most sophisticated choice for wedding guests in their 30s
30-34,Female,Get Together,Smart blazer over a silk cami,Tailored straight jeans or trousers,Pointed block heels or mules,Hoop earrings & a structured bag,Navy & cream or Camel & ivory,A blazer over a silk cami elevates casual jeans to dinner-party level
30-34,Female,Function,Woven or embroidered silk saree,Petticoat and matching blouse,Embellished flat sandals,Gold necklace & bangles,Mustard & maroon or Peacock blue & gold,A handloom silk saree with traditional gold jewellery is the most graceful function outfit for women in their 30s
30-34,Female,Temple,Silk or cotton saree in soft or devotional tones,Petticoat and simple blouse,Flat sandals,Simple gold earrings & bindi,Ivory & gold or Soft peach & maroon,A neat saree draped humbly is the most graceful and traditional choice for temple visits
30-34,Female,Office,Tailored blazer with a structured blouse,Pencil skirt or formal trousers,Pointed-toe pumps,Minimal stud earrings & wristwatch,Charcoal & white or Navy & ivory,A charcoal blazer with a pencil skirt is the quintessential power dressing combination
30-34,Female,Picnic,Boho floral maxi dress with tie detail,Light cotton jacket,Flat espadrilles or mules,Straw hat & fringe tote,Earthy floral & olive,A flowy maxi dress with espadrilles is the perfect picnic look — effortless and feminine
30-34,Female,Park,Fitted sports top with mesh detailing,High-waist compression leggings,Cushioned running shoes,Sporty visor & earbuds,Teal & grey,Compression leggings and a fitted sports top with a visor is the ideal park workout look
35-39,Male,Birthday,Smart casual textured blazer over a plain tee,Slim-fit dark chinos,Chelsea boots,Analog watch & minimalist bracelet,Charcoal & white,A blazer over a plain tee with dark chinos is the modern man's party look — classic but not stiff
35-39,Male,Beach,Linen short-sleeve shirt in pale blue or ecru,Well-fitted tailored swim shorts,Leather slide sandals,Classic wayfarer sunglasses,Pale blue linen & white,At 35+ the beach look should be effortless — a linen shirt and tailored shorts over a clean swimsuit
35-39,Male,Wedding,Rich bandhgala suit or sherwani with detailed embroidery,Churidar or slim trousers,Embroidered mojaris,Brooch & gold watch,Champagne & deep maroon or Midnight blue & silver,A well-fitted sherwani in champagne or midnight blue is a mature and distinguished wedding choice
35-39,Male,Get Together,Premium cotton or linen casual shirt,Dark straight-fit jeans,White leather sneakers,Classic steel watch,Olive & cream,A well-fitted premium cotton shirt with dark jeans is effortlessly sophisticated for get-togethers
35-39,Male,Function,Rich silk or cotton-silk kurta,Slim straight trousers,Ethnic leather sandals,Classic gold watch,Deep burgundy & ivory or Teal & gold,A well-fitted silk kurta in a rich jewel tone looks distinguished at family functions
35-39,Male,Temple,White cotton or linen kurta with minimal embroidery,White dhoti or trousers,Simple leather sandals,Rudraksha mala,White & gold,Simple white or ecru cotton kurta — timeless and universally appropriate for temples
35-39,Male,Office,Formal shirt in white or Oxford blue,Tailored slim trousers,Premium leather Oxfords,Premium leather belt & classic analog watch,White & charcoal or Oxford blue & navy,A premium Oxford shirt with tailored slim trousers is the hallmark of professional dressing in your 30s
35-39,Male,Picnic,Casual cotton check or plaid shirt,Relaxed fit chino shorts,Slip-on leather sneakers,Sunglasses & casual tote,Blue plaid & khaki,A cotton plaid shirt with chino shorts is relaxed and adult — the ideal weekend picnic look
35-39,Male,Park,Fitted performance polo or tee,Running shorts or slim joggers,Running shoes,Sports watch,Navy & white,A fitted performance polo with running shorts is a step up from a plain tee — looks athletic and polished
35-39,Female,Birthday,Fitted asymmetric dress or elegant wrap dress,Matching coordination underneath,Strappy block heels,Statement earrings & small clutch,Burgundy & gold or Midnight blue & silver,A fitted wrap dress in a deep jewel tone with gold accessories is a sophisticated birthday look
35-39,Female,Beach,Sophisticated one-piece swimsuit with cut-outs,Linen wide-leg pants or sarong,Flat wedge sandals,Oversized sunglasses & woven hat,White & gold or Coral & ivory,A sophisticated one-piece with linen trousers is the most chic and comfortable beach look for women in their late 30s
35-39,Female,Wedding,Silk saree with a contemporary zardozi blouse OR Velvet lehenga,Petticoat and matching blouse,Embellished heels,Statement necklace & jhumkas,Deep maroon & gold or Royal teal & silver,A silk saree with a zardozi embroidered blouse is the ultimate wedding look — timeless and regal
35-39,Female,Get Together,Elegant sleeveless blouse with subtle print,Tailored palazzo trousers,Pointed block heels,Drop earrings & bracelet,Ivory & navy or Blush & charcoal,Palazzos with a sleeveless blouse are both comfortable and elegant — great for evening get-togethers
35-39,Female,Function,Rich Banarasi or silk saree,Petticoat and matching blouse,Embellished flat sandals,Gold necklace & bangles,Maroon & gold or Peacock blue & gold,A Banarasi saree with traditional gold jewellery is the most distinguished function look for women in their late 30s
35-39,Female,Temple,Cotton or silk saree in devotional tones,Petticoat and modest blouse,Flat sandals,Simple gold earrings & bindi,Yellow & maroon or Ivory & green,A traditionally draped saree in warm devotional tones is the most graceful temple outfit
35-39,Female,Office,Structured double-breasted blazer with a fitted blouse,Tailored trousers or midi skirt,Pointed-toe pumps,Minimal pearl studs & classic watch,Charcoal & ivory or Navy & white,A double-breasted blazer signals authority and polish — an excellent choice for senior professionals
35-39,Female,Picnic,Elegant floral midi skirt,Simple fitted linen top,Flat espadrilles,Straw hat & tote,Floral print & ivory,A floral midi skirt with a linen top is relaxed and feminine — the ideal picnic outfit for women in their late 30s
35-39,Female,Park,Sleeveless sports top or fitted tee,Knee-length performance shorts or capris,Cushioned cross-trainers,Sporty visor,Coral & black,Knee-length capris with a sleeveless top is a practical and stylish park workout choice
40-44,Male,Birthday,Smart casual blazer over a classic crew-neck sweater or shirt,Dark slim chinos,Derby shoes or clean leather sneakers,Classic watch & pocket square,Navy & cream,A blazer over a crewneck sweater with chinos is sophisticated and relaxed — the ideal 40s birthday look
40-44,Male,Beach,Linen polo or short-sleeve shirt,Classic swim shorts in a solid or subtle stripe,Leather slide sandals,Classic aviator sunglasses,Navy & cream or White & olive,A linen polo over solid swim shorts is understated beach elegance for men in their 40s
40-44,Male,Wedding,Rich sherwani or bandhgala suit,Churidar,Embroidered mojaris,Gold watch & brooch,Champagne & gold or Deep maroon & ivory,A finely crafted sherwani in a rich tone is the definitive wedding outfit for men in their 40s
40-44,Male,Get Together,Premium merino or cotton crew-neck sweater,Dark straight-fit jeans,Leather Chelsea boots,Classic steel watch,Burgundy & grey or Navy & cream,A merino crewneck sweater with dark jeans and Chelsea boots is the ideal evening get-together look
40-44,Male,Function,Rich silk or cotton-silk kurta with subtle embroidery,Straight-cut trousers,Ethnic leather sandals,Gold watch,Deep teal & ivory or Maroon & gold,A rich silk kurta with straight trousers is the most distinguished daytime function look
40-44,Male,Temple,White cotton or linen kurta,White dhoti or straight trousers,Leather sandals,Rudraksha bracelet,White & gold,Classic white kurta — respectful and appropriate for all temple visits
40-44,Male,Office,Premium formal shirt in white or pale blue,Tailored formal trousers with a clean break,Premium leather Oxfords,Premium leather belt & sophisticated analog watch,White & charcoal or Pale blue & navy,At this career stage — invest in premium fabrics and a good tailor; the difference is immediately visible
40-44,Male,Picnic,Cotton casual shirt in earthy tone,Relaxed chino or cargo shorts,Slip-on leather sneakers,Sunglasses,Olive & khaki,An earthy linen or cotton shirt with cargo shorts is an easy, stylish picnic look
40-44,Male,Park,Performance polo or fitted sport tee,Running shorts or track pants,Cushioned running shoes,Sports watch,Black & charcoal,Clean performance wear in dark tones is both functional and sharp for park workouts
40-44,Female,Birthday,Elegant asymmetric dress or sophisticated midi dress,Matching coordination underneath,Block heels or strappy sandals,Statement earrings & clutch,Wine red & silver or Emerald & gold,A structured midi dress in a rich jewel tone with elegant accessories is the perfect 40s birthday look
40-44,Female,Beach,Sophisticated one-piece swimsuit in a classic color,Linen wide-leg pants,Flat slide sandals,Oversized sunglasses & straw hat,Black & white or Navy & coral,A classic black or navy one-piece with linen trousers is effortlessly chic at any beach
40-44,Female,Wedding,Classic silk Kanjivaram or Banarasi saree,Petticoat and matching designer blouse,Embellished heels,Temple-style gold necklace & bangles,Deep maroon & gold or Royal blue & silver,A Kanjivaram saree with traditional gold temple jewellery is iconic — the most distinguished wedding guest look
40-44,Female,Get Together,Silk or satin blouse with subtle draping,Tailored palazzo or flared trousers,Block heels or mules,Gold hoop earrings & bracelet,Ivory & gold or Camel & cream,A silk blouse with palazzo trousers is elegant and comfortable — the ideal get-together look
40-44,Female,Function,Kanjivaram or Banarasi saree with traditional blouse,Petticoat and matching blouse,Embellished flat sandals,Temple jewellery set,Deep maroon & gold or Peacock blue & gold,A Kanjivaram with a traditional blouse and temple jewellery set is the gold standard for family functions
40-44,Female,Temple,Silk saree in devotional tones — yellow or red,Petticoat and modest blouse,Flat sandals,Gold earrings & bindi,Yellow & maroon or Ivory & red,A silk saree in a warm devotional tone with simple gold earrings is the most graceful temple outfit
40-44,Female,Office,Structured single or double-breasted blazer,Tailored pencil skirt or formal trousers,Pointed-toe pumps,Classic pearl or gold studs & wristwatch,Charcoal & ivory or Navy & cream,A structured blazer in charcoal or navy is a power dressing staple — pair with a silk blouse underneath
40-44,Female,Picnic,Linen shirt dress with a tie-waist,Cotton shorts or fitted trousers underneath,Flat espadrilles,Straw hat & woven tote,Ecru & olive,A linen shirt dress with flat espadrilles is the most comfortable and stylish picnic look
40-44,Female,Park,Fitted sports top or racer-back tank,Knee-length performance capris,Well-cushioned cross-trainers,Visor & sweat band,Navy & white,Knee-length capris with a fitted sports top is practical and age-appropriate for park workouts
45-49,Male,Birthday,Smart casual blazer over a fitted polo or shirt,Dark chinos or slim-fit formal trousers,Derby shoes,Classic watch,Navy & cream or Charcoal & white,A navy blazer over a polo or solid shirt with chinos is a classic and polished birthday look
45-49,Male,Beach,Linen short-sleeve shirt,Classic solid swim shorts,Leather slide sandals,Classic sunglasses,White linen & navy or Pale blue & khaki,Simple and elegant — a linen shirt over solid swim shorts is mature beach style done right
45-49,Male,Wedding,Rich sherwani or finely crafted bandhgala suit,Churidar,Embroidered mojaris,Gold watch & brooch,Champagne & gold or Deep maroon & silver,A champagne sherwani or deep maroon bandhgala is a dignified and distinguished wedding choice
45-49,Male,Get Together,Premium merino V-neck sweater or smart casual polo,Dark straight-fit jeans,Chelsea boots,Classic steel watch,Charcoal & cream or Burgundy & grey,A premium V-neck sweater with dark jeans and Chelsea boots is the quintessential 45+ get-together look
45-49,Male,Function,Rich silk kurta with understated embroidery,Straight-cut formal trousers,Ethnic sandals,Classic gold watch,Deep teal & ivory or Maroon & gold,A fine silk kurta in a jewel tone with straight trousers and classic gold watch is the ideal function outfit
45-49,Male,Temple,White or off-white cotton dhoti with kurta,Simple sandals,Rudraksha mala,White & gold,A white or off-white dhoti-kurta set is the most traditional and appropriate temple outfit
45-49,Male,Office,Premium Oxford or poplin formal shirt,Tailored regular-fit formal trousers,Classic Oxford shoes,Solid leather belt & sophisticated analog watch,White & charcoal or Oxford blue & navy,The investment in a well-fitted quality formal shirt and trousers is always worth it
45-49,Male,Picnic,Cotton check or linen casual shirt,Relaxed fit chino shorts,Comfortable leather slip-ons,Classic sunglasses,Blue check & khaki,A classic check linen shirt with chino shorts is timeless outdoor casual wear
45-49,Male,Park,Performance polo or breathable sport tee,Comfortable track trousers or shorts,Cushioned running shoes,Sports watch,Navy & grey,A performance polo with track trousers in navy is practical and polished for park walks
45-49,Female,Birthday,Sophisticated structured dress — midi or formal gown,Matching slip underneath,Block heels,Statement necklace & earrings,Deep purple & gold or Wine red & silver,A structured formal midi dress in a rich jewel tone with statement jewellery is an impeccable birthday look
45-49,Female,Beach,Classic one-piece swimsuit with a sarong,Wide-leg beach linen trousers,Flat wedge sandals,Oversized hat & sunglasses,Black & ivory or Navy & coral,A classic one-piece with a sarong is elegant beach style — functional and sophisticated
45-49,Female,Wedding,Classic Kanjivaram or Paithani saree with heritage blouse,Petticoat and matching blouse,Embellished heels or juttis,Heritage gold necklace & bangles,Deep maroon & gold or Royal peacock blue & gold,A heritage saree with classic gold jewellery is the most distinguished wedding look for women in their 40s
45-49,Female,Get Together,Silk printed blouse or kurta with subtle draping,Straight or palazzo trousers,Block heels or flat mules,Chandelier earrings & bracelet,Ivory & gold or Mauve & silver,An elegant silk kurta with palazzos is comfortable and graceful for evening gatherings
45-49,Female,Function,Kanjivaram or Pochampally saree with traditional blouse,Petticoat and matching blouse,Flat embellished sandals,Temple jewellery — necklace bangles and earrings,Maroon & gold or Peacock blue & gold,A Pochampally or Kanjivaram saree with temple jewellery is the peak of traditional dressing for functions
45-49,Female,Temple,Silk or cotton saree in devotional tones — yellow saffron or white,Petticoat and modest blouse,Flat sandals,Simple gold earrings & bindi,Saffron & maroon or Ivory & gold,A saffron or yellow silk saree with a bindi is the most traditional and graceful temple outfit
45-49,Female,Office,Tailored blazer with a quality silk blouse,Formal pencil skirt or trousers,Closed-toe pumps or block heels,Classic gold or pearl jewellery & watch,Charcoal & ivory or Navy & blush,Quality fabric and a well-fitted silhouette communicate authority and experience in a professional setting
45-49,Female,Picnic,Comfortable linen co-ord set in soft color,Under-piece or tank top,Flat sandals or espadrilles,Straw hat & tote,Sage green & cream or Blush & white,A linen co-ord set is the most comfortable and stylish picnic choice — breathable and easy to move in
45-49,Female,Park,Fitted sleeveless or short-sleeve sports top,Knee-length performance capris or shorts,Well-cushioned walking or running shoes,Visor & earbuds,Teal & black or Navy & white,Comfortable performance capris with a fitted sports top is practical and stylish for park walks and workouts
50-54,Male,Birthday,Smart blazer over a quality polo or formal shirt,Dark straight-fit formal trousers,Derby or Brogues shoes,Classic gold or silver watch,Navy & cream or Charcoal & white,A navy blazer with a well-fitted polo and formal trousers is a timeless and dignified birthday look
50-54,Male,Beach,Classic linen or cotton polo shirt,Solid or subtle-striped tailored swim shorts,Leather sandals,Classic sunglasses,White & navy or Pale blue & sand,Keep it classic and understated — a polo over solid swim shorts with leather sandals is mature beach style
50-54,Male,Wedding,Finely crafted sherwani or bandhgala in rich fabric,Churidar,Embroidered mojaris,Gold watch & classic brooch,Champagne & gold or Deep maroon & ivory,A finely crafted sherwani in champagne or deep maroon is distinguished and appropriate for weddings in your 50s
50-54,Male,Get Together,Premium wool or merino sweater,Well-fitted dark formal trousers,Oxford shoes,Classic watch,Charcoal & cream or Deep burgundy & grey,A premium merino sweater with formal trousers and Oxford shoes is an effortlessly elegant 50s gathering look
50-54,Male,Function,Fine silk or cotton-silk kurta with subtle embroidery,Straight-cut formal trousers,Ethnic leather sandals,Classic gold watch,Deep teal & ivory or Maroon & gold,A fine silk kurta with straight trousers is the most dignified and elegant function choice for men in their 50s
50-54,Male,Temple,White or off-white dhoti and kurta set,Traditional sandals,Rudraksha mala,Pure white & gold,A traditional white dhoti-kurta is always the most respectful and culturally appropriate temple outfit
50-54,Male,Office,Premium Oxford or French-cuff formal shirt,Well-fitted regular-fit formal trousers,Classic leather Oxfords,Quality leather belt & sophisticated gold watch,White & charcoal or Light blue & navy,A French-cuff shirt with cufflinks is a powerful professional statement — appropriate for senior executives
50-54,Male,Picnic,Casual cotton linen shirt in a soft earthy tone,Relaxed chino trousers or shorts,Comfortable leather slip-ons,Classic sunglasses,Ecru & olive or Beige & navy,A soft linen shirt with relaxed chinos is the most comfortable and stylish picnic look for men in their 50s
50-54,Male,Park,Breathable polo or fitted sport tee,Comfortable track or jogger trousers,Cushioned walking shoes,Simple sports watch,Navy & grey or White & black,Comfortable breathable activewear in classic tones is the ideal park walking look
50-54,Female,Birthday,Elegant formal gown or structured formal saree blouse combo,Matching coordination underneath,Block heels or embellished flats,Chandelier earrings & formal necklace,Wine red & gold or Deep blue & silver,An elegant formal gown or a richly draped saree with statement jewellery is a magnificent birthday look
50-54,Female,Beach,Modest one-piece swimsuit with full-length sarong,Flat wedge sandals,Wide-brim sun hat & sunglasses,Classic navy & ivory or Teal & white,A modest one-piece with a full-length sarong is elegant and comfortable at the beach
50-54,Female,Wedding,Heritage Kanjivaram or Banarasi saree with zardozi blouse,Petticoat and matching blouse,Embellished heels or flat juttis,Heritage gold jewellery — necklace bangles earrings,Deep maroon & gold or Royal blue & gold,A heritage Kanjivaram saree with intricate zardozi embroidered blouse and traditional gold jewellery is timeless wedding elegance
50-54,Female,Get Together,Elegant silk saree or embroidered anarkali,Petticoat or matching bottom,Block heels or flat embellished sandals,Statement earrings & bangle,Ivory & gold or Mauve & silver,An embroidered anarkali or silk saree is the most elegant and comfortable get-together choice for women in their 50s
50-54,Female,Function,Classic Kanjivaram saree with traditional gold blouse,Petticoat and matching blouse,Flat embellished sandals,Temple necklace and bangles,Maroon & gold or Peacock blue & gold,A Kanjivaram saree with temple jewellery is the definitive traditional function outfit — dignified and beautiful
50-54,Female,Temple,Pure silk or cotton saree in devotional tones — white yellow or saffron,Petticoat and simple blouse,Flat sandals,Simple gold earrings & bindi,Saffron & maroon or White & gold,A pure white or saffron saree with a bindi is the most sacred and graceful temple outfit
50-54,Female,Office,Classic structured blazer with quality silk blouse,Formal pencil skirt or tailored trousers,Closed-toe pumps or low block heels,Pearl or gold classic jewellery & wristwatch,Navy & ivory or Charcoal & white,A structured blazer with pearl jewellery is the hallmark of a senior professional — timeless and authoritative
50-54,Female,Picnic,Comfortable cotton or linen co-ord set,Under-piece top,Flat sandals or espadrilles,Straw hat & tote,Sage green & cream or Blush & ecru,A linen co-ord set is breezy comfortable and effortlessly stylish for outdoor picnics
50-54,Female,Park,Comfortable moisture-wicking polo or sport tee,Knee-length capris or track trousers,Well-cushioned walking shoes,Sun visor & wristwatch,Navy & white or Coral & grey,Comfortable well-cushioned walking shoes are a priority — a moisture-wicking polo with capris is practical and neat
55-59,Male,Birthday,Fine blazer over a silk or premium cotton shirt,Well-fitted formal trousers,Classic Oxford shoes,Premium gold or silver watch,Navy & cream or Deep charcoal & ivory,A fine blazer with a silk shirt and formal trousers is the most distinguished birthday look for men in their late 50s
55-59,Male,Beach,Relaxed linen shirt in a soft classic color,Well-fitted classic swim shorts,Leather or quality rubber sandals,Classic sunglasses,White linen & navy or Pale beige & blue,A relaxed linen shirt over classic solid swim shorts — simple elegant and timeless
55-59,Male,Wedding,Finest silk or zari-work sherwani or bandhgala,Churidar,Embroidered mojaris,Classic gold watch & brooch,Champagne & gold or Deep wine & ivory,A finely crafted sherwani in champagne or deep wine is the most dignified and distinguished wedding outfit for men in their late 50s
55-59,Male,Get Together,Fine merino or premium wool blazer over a quality polo,Well-fitted dark trousers,Oxford or Derby shoes,Classic watch,Charcoal & cream or Navy & ivory,A premium blazer over a polo with dark trousers is understated sophistication for 55+ social gatherings
55-59,Male,Function,Finest silk kurta with minimal embroidery,Straight-cut formal trousers,Heritage leather sandals,Classic gold watch,Deep maroon & ivory or Teal & gold,A silk kurta in a dignified jewel tone with a classic gold watch is the most distinguished function look for men in their late 50s
55-59,Male,Temple,White traditional dhoti and kurta,Heritage sandals,Rudraksha mala,Pure white & gold,White traditional dhoti-kurta is the most sacred and respectful temple attire — always appropriate
55-59,Male,Office,Premium French-cuff shirt or classic Oxford shirt,Well-fitted formal trousers,Classic Oxford shoes,Quality leather belt & gold cufflinks and watch,White & charcoal or Oxford blue & charcoal,At this career level — premium fabrics and gold accessories signal experience and authority
55-59,Male,Picnic,Premium cotton or linen shirt in earthy or navy tone,Relaxed fit chino or formal trousers,Quality leather slip-ons,Classic sunglasses,Navy & beige or Olive & cream,A quality cotton or linen shirt with relaxed chinos is comfortable and refined for outdoor picnics
55-59,Male,Park,Breathable polo shirt in classic color,Comfortable regular-fit track trousers,Well-cushioned walking shoes,Simple analog watch,White & navy or Charcoal & grey,A classic polo with well-cushioned walking shoes is practical and dignified for morning park walks
55-59,Female,Birthday,Formal silk saree or elegant embroidered gown,Petticoat and matching blouse,Embellished block heels,Heritage jewellery set,Deep maroon & gold or Royal blue & silver,A formal silk saree with heritage jewellery or a sophisticated embroidered gown is an unforgettable birthday look
55-59,Female,Beach,Modest and elegant one-piece swimsuit with full-length wrap,Flat comfortable sandals,Wide-brim sun hat & sunglasses,Navy & white or Coral & ivory,An elegant one-piece with a full-length wrap is the most graceful and comfortable beach look
55-59,Female,Wedding,Heritage Kanjivaram or Paithani saree with gold embroidered blouse,Petticoat and matching blouse,Embellished juttis or heels,Complete temple jewellery set,Deep maroon & gold or Royal peacock blue & gold,A heritage saree with a complete temple jewellery set is the gold standard of wedding elegance for women in their late 50s
55-59,Female,Get Together,Embroidered anarkali or elegant silk saree,Matching bottom or petticoat,Embellished flat sandals or block heels,Chandelier earrings & bangle,Ivory & gold or Mauve & silver,An embroidered anarkali or elegant silk saree in muted jewel tones is graceful and appropriate for 55+ get-togethers
55-59,Female,Function,Finest Kanjivaram or Banarasi saree with heritage embroidered blouse,Petticoat and matching blouse,Flat embellished sandals,Complete heritage gold jewellery,Deep maroon & gold or Peacock blue & gold,The finest Kanjivaram with heritage gold jewellery is the pinnacle of traditional dressing — dignified and beautiful
55-59,Female,Temple,Pure silk saree in white or saffron — traditional and devotional,Petticoat and modest blouse,Flat sandals,Bindi & simple gold earrings,White & gold or Saffron & maroon,A pure white or saffron silk saree is the most sacred and graceful temple outfit for women in their late 50s
55-59,Female,Office,Classic structured double-breasted blazer with silk blouse,Formal pencil skirt or tailored trousers,Closed-toe pumps or low heels,Timeless pearl or gold jewellery & wristwatch,Navy & ivory or Charcoal & cream,A classic double-breasted blazer with pearl jewellery signals decades of experience and quiet authority
55-59,Female,Picnic,Elegant linen co-ord set or printed cotton kurta set,Matching bottom,Flat sandals or espadrilles,Straw hat & tote,Sage green & ecru or Blush & ivory,A linen co-ord or cotton kurta set is breezy and graceful — the perfect picnic choice for women in their late 50s
55-59,Female,Park,Comfortable moisture-wicking polo or fitted sport tee,Full-length track trousers,Well-cushioned orthopedic walking shoes,Sun visor & simple watch,Navy & white or Teal & grey,Well-cushioned orthopedic walking shoes are a priority at this stage — a polo with full-length track trousers is practical and dignified
